{"created":"2013-10-01T09:20:00.249Z","entities":{"7b4c3626-b091-4153-a1a7-383582cf05f2":{"scale":[1,1,1],"name":"ModelViewer","parent":null,"resource_id":"7b4c3626-b091-4153-a1a7-383582cf05f2","labels":[],"enabled":true,"components":{"pack":{},"script":{"enabled":true,"scripts":[{"url":"hammer.min.js","attributes":{},"name":"","attributesOrder":[]}]}},"position":[0,0,0],"rotation":[0,0,0],"children":["3fcb3243-06f0-434b-99a8-7c74933749e2","8c9d3fe9-201a-4cba-a3d7-d6263ec4c9a3","393ebec0-37a2-4d3b-afef-8c6a72c0cd31"],"template":null},"3fcb3243-06f0-434b-99a8-7c74933749e2":{"scale":[1,1,1],"name":"Light","parent":"7b4c3626-b091-4153-a1a7-383582cf05f2","resource_id":"3fcb3243-06f0-434b-99a8-7c74933749e2","labels":[],"enabled":true,"components":{"light":{"normalOffsetBias":0,"color":[0.6980392156862745,0.6980392156862745,0.6823529411764706],"type":"directional","shadowResolution":1024,"outerConeAngle":45,"enabled":true,"intensity":1,"castShadows":false,"range":10,"innerConeAngle":40,"shadowBias":0.05,"shadowDistance":40,"falloffMode":0,"bake":false,"affectDynamic":true,"affectLightmapped":false,"shadowUpdateMode":2,"shadowType":0,"vsmBlurMode":0,"vsmBlurSize":5,"vsmBias":0.0025}},"position":[0,30,0],"rotation":[45,0,0],"children":[],"template":null},"8c9d3fe9-201a-4cba-a3d7-d6263ec4c9a3":{"scale":[1,1,1],"name":"Camera","parent":"7b4c3626-b091-4153-a1a7-383582cf05f2","resource_id":"8c9d3fe9-201a-4cba-a3d7-d6263ec4c9a3","labels":[],"enabled":true,"components":{"camera":{"orthoHeight":100,"fov":45,"clearDepthBuffer":true,"projection":0,"clearColor":[0.07058823529411765,0.06666666666666667,0.06666666666666667,1],"enabled":true,"priority":0,"farClip":100,"nearClip":0.1,"clearColorBuffer":true,"rect":[0,0,1,1]},"script":{"enabled":true,"scripts":[{"url":"camera.js","attributes":{"maxElevation":{"displayName":"Max Elevation","name":"maxElevation","defaultValue":70,"value":70,"type":"number","options":{"displayName":"maxElevation"}}},"name":"camera","attributesOrder":["maxElevation"]}]}},"position":[0,0.09504461288452148,23.515188217163086],"rotation":[0,0,0],"children":[],"template":null},"393ebec0-37a2-4d3b-afef-8c6a72c0cd31":{"name":"shave","enabled":true,"resource_id":"393ebec0-37a2-4d3b-afef-8c6a72c0cd31","parent":"7b4c3626-b091-4153-a1a7-383582cf05f2","children":[],"position":[0,0,0],"rotation":[0,0,0],"scale":[1,1,1],"components":{"model":{"enabled":true,"type":"asset","asset":4410159,"materialAsset":null,"castShadows":true,"receiveShadows":true,"lightmapped":false,"castShadowsLightmap":true,"lightmapSizeMultiplier":1}}}},"name":"ModelViewer","settings":{"physics":{"gravity":[0,-9.8,0]},"priority_scripts":[],"render":{"fog_end":1000,"fog_start":1,"global_ambient":[0.5215686559677124,0.5215686559677124,0.5215686559677124,1],"tonemapping":1,"fog_color":[0,0,0],"fog":"none","skybox":4410144,"fog_density":0.01,"gamma_correction":1,"exposure":4,"skyboxMip":3,"skyboxIntensity":1}},"id":437892}